Package,UUID,Type,SHA1,Size,Dynamic,Reason
bH7wBDEh.ColliderCommon_0Wa8v5nG,bH7wBDEh.89p60ls4wg4-lpuplinv-ot9169p3iab-UqWV7MQK-collider,Collider,PM84rqAiNM8HROtg7TfdZtWUtoY=,64,,
bH7wBDEh.ColliderCommon_0Wa8v5nG,bH7wBDEh.89p60ls4wg4-lpuplinv-ot9169p3iab-wTt25CJG-collider,Collider,PM84rqAiNM8HROtg7TfdZtWUtoY=,64,,
bH7wBDEh.ColliderCommon_0Wa8v5nG,bH7wBDEh.89p60ls4wg4-lpuplinv-ot9169p3iab-0uQXdGzA-collider,Collider,PM84rqAiNM8HROtg7TfdZtWUtoY=,64,,
bH7wBDEh.ColliderCommon_0Wa8v5nG,bH7wBDEh.89p60ls4wg4-lpuplinv-ot9169p3iab-ZA2EXvMf-collider,Collider,PM84rqAiNM8HROtg7TfdZtWUtoY=,64,,
bH7wBDEh.ColliderCommon_0Wa8v5nG,bH7wBDEh.89p60ls4wg4-lpuplinv-ot9169p3iab-pwcGO0dE-collider,Collider,PM84rqAiNM8HROtg7TfdZtWUtoY=,64,,
bH7wBDEh.ColliderCommon_0Wa8v5nG,bH7wBDEh.89p60ls4wg4-lpuplinv-ot9169p3iab-6b9RaksV-collider,Collider,PM84rqAiNM8HROtg7TfdZtWUtoY=,64,,
bH7wBDEh.ColliderCommon_0Wa8v5nG,bH7wBDEh.89p60ls4wg4-lpuplinv-ot9169p3iab-SFd3e5rN-collider,Collider,PM84rqAiNM8HROtg7TfdZtWUtoY=,64,,
bH7wBDEh.ColliderCommon_0Wa8v5nG,bH7wBDEh.89p60ls4wg4-lpuplinv-ot9169p3iab-LQf4om34-collider,Collider,PM84rqAiNM8HROtg7TfdZtWUtoY=,64,,
bH7wBDEh.ColliderCommon_0Wa8v5nG,bH7wBDEh.89p60ls4wg4-lpuplinv-ot9169p3iab-vVe8eh6s-collider,Collider,PM84rqAiNM8HROtg7TfdZtWUtoY=,64,,
bH7wBDEh.ColliderCommon_0Wa8v5nG,bH7wBDEh.89p60ls4wg4-lpuplinv-ot9169p3iab-EeamuIEL-collider,Collider,PM84rqAiNM8HROtg7TfdZtWUtoY=,64,,
bH7wBDEh.ColliderCommon_0Wa8v5nG,bH7wBDEh.89p60ls4wg4-lpuplinv-ot9169p3iab-jm8ZOEME-collider,Collider,PM84rqAiNM8HROtg7TfdZtWUtoY=,64,,
bH7wBDEh.ColliderCommon_0Wa8v5nG,bH7wBDEh.89p60ls4wg4-lpuplinv-ot9169p3iab-hldOl2Jq-collider,Collider,PM84rqAiNM8HROtg7TfdZtWUtoY=,64,,
bH7wBDEh.ColliderCommon_0Wa8v5nG,bH7wBDEh.89p60ls4wg4-lpuplinv-ot9169p3iab-oWlgqAW8-collider,Collider,PM84rqAiNM8HROtg7TfdZtWUtoY=,64,,
bH7wBDEh.ColliderCommon_0Wa8v5nG,bH7wBDEh.89p60ls4wg4-lpuplinv-ot9169p3iab-b7Y9y8SG-collider,Collider,PM84rqAiNM8HROtg7TfdZtWUtoY=,64,,
bH7wBDEh.ColliderCommon_0Wa8v5nG,bH7wBDEh.89p60ls4wg4-lpuplinv-ot9169p3iab-J2lP7ZyX-collider,Collider,PM84rqAiNM8HROtg7TfdZtWUtoY=,64,,
bH7wBDEh.ColliderCommon_0Wa8v5nG,bH7wBDEh.89p60ls4wg4-lpuplinv-ot9169p3iab-bF9QKulo-collider,Collider,PM84rqAiNM8HROtg7TfdZtWUtoY=,64,,
bH7wBDEh.ColliderCommon_0Wa8v5nG,bH7wBDEh.89p60ls4wg4-lpuplinv-ot9169p3iab-63Dyt55p-collider,Collider,PM84rqAiNM8HROtg7TfdZtWUtoY=,64,,
bH7wBDEh.ColliderCommon_0Wa8v5nG,bH7wBDEh.89p60ls4wg4-lpuplinv-ot9169p3iab-ALdgDAjm-collider,Collider,PM84rqAiNM8HROtg7TfdZtWUtoY=,64,,
bH7wBDEh.ColliderCommon_0Wa8v5nG,bH7wBDEh.89p60ls4wg4-lpuplinv-ot9169p3iab-2AEtQQyi-collider,Collider,PM84rqAiNM8HROtg7TfdZtWUtoY=,64,,
bH7wBDEh.ColliderCommon_0Wa8v5nG,bH7wBDEh.89p60ls4wg4-lpuplinv-ot9169p3iab-JmgZ3Zai-collider,Collider,PM84rqAiNM8HROtg7TfdZtWUtoY=,64,,
bH7wBDEh.ColliderCommon_0Wa8v5nG,bH7wBDEh.89p60ls4wg4-lpuplinv-ot9169p3iab-P0kjXdta-collider,Collider,PM84rqAiNM8HROtg7TfdZtWUtoY=,64,,
bH7wBDEh.ColliderCommon_0Wa8v5nG,bH7wBDEh.89p60ls4wg4-lpuplinv-ot9169p3iab-4HqPYYxC-collider,Collider,PM84rqAiNM8HROtg7TfdZtWUtoY=,64,,
bH7wBDEh.ColliderCommon_0Wa8v5nG,bH7wBDEh.89p60ls4wg4-lpuplinv-ot9169p3iab-urGyDAaW-collider,Collider,PM84rqAiNM8HROtg7TfdZtWUtoY=,64,,
bH7wBDEh.ColliderCommon_0Wa8v5nG,bH7wBDEh.89p60ls4wg4-lpuplinv-ot9169p3iab-tVUmcx9s-collider,Collider,PM84rqAiNM8HROtg7TfdZtWUtoY=,64,,
bH7wBDEh.ColliderCommon_0Wa8v5nG,bH7wBDEh.89p60ls4wg4-lpuplinv-ot9169p3iab-SodXpSQq-collider,Collider,PM84rqAiNM8HROtg7TfdZtWUtoY=,64,,
bH7wBDEh.ColliderCommon_0Wa8v5nG,bH7wBDEh.89p60ls4wg4-lpuplinv-ot9169p3iab-nlNYq3n9-collider,Collider,PM84rqAiNM8HROtg7TfdZtWUtoY=,64,,
bH7wBDEh.ColliderCommon_0Wa8v5nG,bH7wBDEh.89p60ls4wg4-lpuplinv-ot9169p3iab-br673TwE-collider,Collider,PM84rqAiNM8HROtg7TfdZtWUtoY=,64,,
bH7wBDEh.ColliderCommon_0Wa8v5nG,bH7wBDEh.89p60ls4wg4-lpuplinv-ot9169p3iab-f2tl4tAH-collider,Collider,PM84rqAiNM8HROtg7TfdZtWUtoY=,64,,
bH7wBDEh.ColliderCommon_0Wa8v5nG,bH7wBDEh.89p60ls4wg4-lpuplinv-ot9169p3iab-YymQZl77-collider,Collider,PM84rqAiNM8HROtg7TfdZtWUtoY=,64,,
bH7wBDEh.ColliderCommon_0Wa8v5nG,bH7wBDEh.89p60ls4wg4-lpuplinv-ot9169p3iab-RCtQ6xTx-collider,Collider,PM84rqAiNM8HROtg7TfdZtWUtoY=,64,,
bH7wBDEh.ColliderCommon_0Wa8v5nG,bH7wBDEh.89p60ls4wg4-lpuplinv-ot9169p3iab-2VfnGN7e-collider,Collider,4l1Wn54wEWaqtpToCYe6New40kY=,64,,
bH7wBDEh.AutoPlatformed_6kWYKd1A,bH7wBDEh.mb46iu50tyd-lqw4jc12-e046fuo2cqe,Texture2D,dtdHfyCpMk4ekqHGg9M2NISRJ+E=,1140916,,
bH7wBDEh.AutoPlatformed_6kWYKd1A,bH7wBDEh.xqibbkwww3-lqnl1fc6-z9m2ttjxbol,Texture2D,kpEN5E5DZgTaJjbAt3bWe+3VxuM=,18153,,
bH7wBDEh.AutoPlatformed_6kWYKd1A,bH7wBDEh.j5tlutds7bc-lqnl1ffz-5wz2za8vjvq,Texture2D,p8dKUCSgy0NqMJLnHiohTl/xTOM=,18153,,
bH7wBDEh.AutoPlatformed_6kWYKd1A,bH7wBDEh.dz56g0xxs0w-lqnl1env-1nc83obojuu,Texture2D,uaIYV/Fnb1LNg8qui+Hff3RLTUk=,18153,,
bH7wBDEh.AutoPlatformed_6kWYKd1A,bH7wBDEh.5jxgkplzoiw-lqnl1fwc-0uou2a3ns44a,Texture2D,n1vXYkjnGpr6XkUyg5x4MhSR0IY=,18153,,
bH7wBDEh.AutoPlatformed_6kWYKd1A,bH7wBDEh.i6owrih5gw-lqnl1f0o-7yvtoorkfs,Texture2D,L/aL2yDjDgM8eJxoMiM50bS7GJo=,18153,,
bH7wBDEh.AutoPlatformed_6kWYKd1A,bH7wBDEh.w83l687157a-lqnl1fop-e2pg6s45hf7,Texture2D,Mw9jHfn/gQ/HDF73ZiaqPugg9nE=,18153,,
bH7wBDEh.AutoPlatformed_6kWYKd1A,bH7wBDEh.7mfo2eh9pep-lqnl1g3j-1a4klca8lwr,Texture2D,TMBAlt6wd2AZSGb8/IcNjapwmKw=,18153,,
bH7wBDEh.AutoPlatformed_6kWYKd1A,bH7wBDEh.ud08ijdfhln-lqnmyk3j-5iu2mak51a,Texture2D,PMYtnSwvLoTi4ZlihAQptVmMHdY=,18153,,
bH7wBDEh.AutoPlatformed_6kWYKd1A,bH7wBDEh.o79jl6d3bx-lqnl1fsj-4utpj37u14j,Texture2D,j3Lm1ccbxA7JMExukkSIv02pflM=,18153,,
bH7wBDEh.AutoPlatformed_6kWYKd1A,bH7wBDEh.7lfqyddytfo-lqnl1f8g-x1vp7wvjxj,Texture2D,KvbYfQuIidk6mipuwq5qHbn3HWQ=,18153,,
bH7wBDEh.AutoPlatformed_6kWYKd1A,bH7wBDEh.q3xlmrjriq-lqnl1g7d-54zyc0gb2rx,Texture2D,fV5q8VXWR7+r2D51Dah50FJi9AY=,18153,,
bH7wBDEh.AutoPlatformed_6kWYKd1A,bH7wBDEh.vvcq29qlyh-lqnl1fkr-3t8kt6tem9z,Texture2D,wvnrzZ2e6PgECeJ2kFEQzlykIHo=,18153,,
bH7wBDEh.AutoPlatformed_6kWYKd1A,bH7wBDEh.afm6byr1f1r-lqnl1fzz-wv5qzjrdre,Texture2D,swsvkrXjXoL7SQv+3Q2rgENv7ng=,18153,,
bH7wBDEh.AutoPlatformed_6kWYKd1A,bH7wBDEh.1fhplvoitg3-lqnl1f4k-fc8swmeoemf,Texture2D,SnDZf6VUWiOgAREtJkDWUX0LIVs=,18153,,
bH7wBDEh.AutoPlatformed_6kWYKd1A,bH7wBDEh.di5d83i4r5-lqnn3prn-jad7q4sq3cf,Texture2D,6r+pkxu68XGRVsHHm1ppu6HvwAg=,18153,,
bH7wBDEh.AutoPlatformed_6kWYKd1A,bH7wBDEh.qhjb3f1w4w-lrh8okzi-qiirwbe1l,Texture2D,iZyLfo6uoWQVGwe2WNUJ+DD7Ojg=,18153,,
bH7wBDEh.AutoPlatformed_6kWYKd1A,bH7wBDEh.0gtb9w8hhhfd-mdzn6mrp-i5fzwy72r9,Texture2D,zeiVYqaft6iwtiKnfrPBN1QmFfo=,18153,,
bH7wBDEh.AutoPlatformed_6kWYKd1A,bH7wBDEh.4ziisuu8bkt-mdznbhtl-3b1f0kliul2,Texture2D,/kIRyzksx6bxp2AAFb2FANwmw94=,18153,,
bH7wBDEh.AutoPlatformed_6kWYKd1A,bH7wBDEh.v6hjivyeazg-mdzncgse-fsr9unxofk5,Texture2D,cDhTcvmMhsxC+yVMAm4Unn112SQ=,18153,,
bH7wBDEh.AutoPlatformed_6kWYKd1A,bH7wBDEh.ule8k1vrcur-me2c6vr5-ok8sznmtnv,Texture2D,vVB+U77uEgF/jXPukG43oyZqZkM=,18153,,
bH7wBDEh.AutoPlatformed_6kWYKd1A,bH7wBDEh.v4izyu5ydab-me2c74rf-y916664ud6,Texture2D,6gp+mO/nGVmf2a3sEC1BbHBE6D4=,18153,,
bH7wBDEh.AutoPlatformed_6kWYKd1A,bH7wBDEh.x3qvk8uf92j-me2c7gb3-epitvyr9szi,Texture2D,oDAuZJW9wdNhdf510dPoeABW9xc=,18153,,
bH7wBDEh.AutoPlatformed_6kWYKd1A,bH7wBDEh.y47949qj328-lqnn3pwh-27ir4mq943f,Texture2D,gOoK8DsVtJrRXaBn2EQShLKCMLo=,18153,,